MRR,gMRR,Frage
1e-17,0.006172839506172839,Determinismus
1e-17,0.00022857142857142857,freier Wille
1e-17,0.0007716049382716049,Linguistik
1e-17,1e-17,Sprachlichkeit
1e-17,1e-17,ratio cognoscendi
1e-17,1e-17,Handeln
1e-17,0.0001286008230452675,Künstliche Intelligenz
1e-17,1e-17,Bundeskanzler
1e-17,0.0009127020870076478,Gesamt
