MRR,gMRR,Frage
1e-17,0.0015432098765432098,Determinismus
1.0,1.0,freier Wille
1e-17,0.00016,Linguistik
1e-17,0.012345679012345678,Sprachlichkeit
1e-17,0.001953125,ratio cognoscendi
1e-17,0.00038580246913580245,Handeln
1e-17,0.00390625,Künstliche Intelligenz
1e-17,0.00011022927689594356,Bundeskanzler
0.125,0.12755053695436508,
