MRR,gMRR,Frage
1e-17,1e-17,Determinismus
0.125,0.125,freier Wille
1e-17,8.573388203017832e-05,Linguistik
1e-17,0.012345679012345678,Sprachlichkeit
1e-17,0.001763668430335097,ratio cognoscendi
1e-17,0.00015432098765432098,Handeln
1e-17,1e-17,Künstliche Intelligenz
1e-17,1e-17,Bundeskanzler
0.015625,0.01741867528904566,
