MRR,gMRR,Frage
1e-17,0.001953125,Determinismus
0.1,0.1,freier Wille
1e-17,0.0007716049382716049,Linguistik
1e-17,0.0013020833333333333,Sprachlichkeit
1e-17,0.0013020833333333333,ratio cognoscendi
1e-17,1e-17,Handeln
1e-17,0.0007716049382716049,Künstliche Intelligenz
1e-17,1e-17,Bundeskanzler
0.012500000000000013,0.013262562692901238,Gesamt
