MRR,gMRR,Frage
1e-17,0.0030864197530864196,Determinismus
0.5,0.5,freier Wille
1e-17,1e-17,Linguistik
1e-17,0.006172839506172839,Sprachlichkeit
1e-17,0.0005580357142857143,ratio cognoscendi
1e-17,0.00038580246913580245,Handeln
1e-17,0.00015432098765432098,Künstliche Intelligenz
1e-17,1e-17,Bundeskanzler
0.0625,0.06379467730379189,
