MRR,gMRR,Frage
1e-17,0.00205761316872428,Determinismus
1e-17,1e-17,freier Wille
1e-17,1e-17,Linguistik
1e-17,0.0007716049382716049,Sprachlichkeit
1e-17,0.00022857142857142857,ratio cognoscendi
1e-17,1e-17,Handeln
1e-17,1e-17,Künstliche Intelligenz
1e-17,1e-17,Bundeskanzler
1e-17,0.00038222369194592043,
