MRR,gMRR,Frage
1e-17,0.00043402777777777775,Determinismus
1e-17,0.0007716049382716049,freier Wille
1e-17,1e-17,Linguistik
1e-17,1e-17,Sprachlichkeit
1e-17,0.0016,ratio cognoscendi
1e-17,1e-17,Handeln
1e-17,0.0005580357142857143,Künstliche Intelligenz
1e-17,0.00038580246913580245,Bundeskanzler
1e-17,0.0004686838624338662,Gesamt
