MRR,gMRR,Frage
1e-17,0.0030864197530864196,Determinismus
1e-17,0.000257201646090535,freier Wille
1e-17,1e-17,Linguistik
1e-17,1e-17,Sprachlichkeit
1e-17,0.0016,ratio cognoscendi
1e-17,1e-17,Handeln
1e-17,0.00015432098765432098,Künstliche Intelligenz
1e-17,0.00038580246913580245,Bundeskanzler
1e-17,0.0006854681069958886,
