MRR,gMRR,Frage
1e-17,1e-17,Determinismus
1e-17,1e-17,freier Wille
1e-17,0.000257201646090535,Linguistik
1e-17,0.0002,Sprachlichkeit
1e-17,0.0006510416666666666,ratio cognoscendi
1e-17,9.645061728395061e-05,Handeln
1e-17,0.001953125,Künstliche Intelligenz
1e-17,1e-17,Bundeskanzler
1e-17,0.0003947273662551478,
