MRR,gMRR,Frage
1e-17,0.03125,Determinismus
1.0,1.0,freier Wille
0.3333333333333333,0.3333333333333333,Linguistik
1e-17,0.00043402777777777775,Sprachlichkeit
0.14285714285714285,0.14285714285714285,ratio cognoscendi
1e-17,0.0024691358024691358,Handeln
1e-17,0.000257201646090535,Künstliche Intelligenz
1e-17,0.0125,Bundeskanzler
0.1845238095238095,0.19038760517710165,Gesamt
