MRR,gMRR,Frage
1e-17,0.0016,Determinismus
0.5,0.5,freier Wille
1e-17,0.00022857142857142857,Linguistik
1.0,1.0,Sprachlichkeit
1e-17,0.0007716049382716049,ratio cognoscendi
1e-17,1e-17,Handeln
1e-17,0.006172839506172839,Künstliche Intelligenz
1e-17,0.0625,Bundeskanzler
0.1875,0.196409126984127,Gesamt
