MRR,gMRR,Frage
1e-17,0.0013020833333333333,Determinismus
1e-17,1e-17,freier Wille
1e-17,1e-17,Linguistik
1e-17,0.00019290123456790122,Sprachlichkeit
1e-17,0.0007716049382716049,ratio cognoscendi
1e-17,1e-17,Handeln
1e-17,1e-17,Künstliche Intelligenz
1e-17,9.645061728395061e-05,Bundeskanzler
1e-17,0.0002953800154321037,Gesamt
