MRR,gMRR,Frage
1e-17,0.00078125,Determinismus
0.3333333333333333,0.3333333333333333,freier Wille
1e-17,1e-17,Linguistik
1e-17,0.0125,Sprachlichkeit
1e-17,0.00390625,ratio cognoscendi
1e-17,1e-17,Handeln
1e-17,0.0016,Künstliche Intelligenz
1e-17,1e-17,Bundeskanzler
0.041666666666666664,0.044015104166666666,
